<?xml version="1.0" encoding="utf-8"?>
<modification>
	<code>GOP Cash On Delivery</code>
	<name>GOP Cash On Delivery</name>
	<version>1.0</version>
	<author>GKASIOS</author>
	<link>http://gkasios.com</link>
	<file path="admin/view/template/sale/order_form.tpl">
		<operation>
			<search trim="true" index="7">
			<![CDATA[
				// Refresh products, vouchers and totals
			]]>
			</search>
			<add position="Before">
			<![CDATA[
				GOP_COD_Fix();
				// Refresh products, vouchers and totals
			]]>
			</add>
		</operation>
		<operation>
			<search trim="true">
			<![CDATA[
				</script></div>
			]]>
			</search>
			<add position="Before">
			<![CDATA[
				function GOP_COD_Fix()
				{
					$.ajax({
							url: $('select[name=\'store\'] option:selected').val() + 'index.php?route=api/payment/methods&token=' + token,
							dataType: 'json',
							crossDomain: true,
							beforeSend: function()
							{
								$('#button-payment-address i').replaceWith('<i class="fa fa-circle-o-notch fa-spin"></i>');
								$('#button-payment-address').prop('disabled', true);
							},
							complete: function()
							{
								$('#button-payment-address i').replaceWith('<i class="fa fa-arrow-right"></i>');
								$('#button-payment-address').prop('disabled', false);
							},
							success: function(json)
							{
								if(json['error'])
								{
									$('#content > .container-fluid').prepend('<div class="alert alert-danger"><i class="fa fa-exclamation-circle"></i> ' + json['error'] + ' <button type="button" class="close" data-dismiss="alert">&times;</button></div>');
								}
								else
								{
									html = '<option value=""><?php echo $text_select; ?></option>';

									if(json['payment_methods'])
									{
										for(i in json['payment_methods'])
										{
											if(json['payment_methods'][i]['code'] == $('select[name=\'payment_method\'] option:selected').val())
											{
												html += '<option value="' + json['payment_methods'][i]['code'] + '" selected="selected">' + json['payment_methods'][i]['title'] + '</option>';
											}
											else
											{
												html += '<option value="' + json['payment_methods'][i]['code'] + '">' + json['payment_methods'][i]['title'] + '</option>';
											}
										}
									}

									$('select[name=\'payment_method\']').html(html);
								}
							},
							error: function(xhr, ajaxOptions, thrownError)
							{
								alert(thrownError + "\r\n" + xhr.statusText + "\r\n" + xhr.responseText);
							}
					});
				}
				</script></div>
			]]>
			</add>
		</operation>
	</file>
</modification>