<modification>
	<id><![CDATA[WeDoWeb Util]]></id>
	<version><![CDATA[1.1]]></version>
	<vqmver><![CDATA[2.x]]></vqmver>
	<author><![CDATA[WeDoWeb.com.au | contact@wedoweb.com.au]]></author>
	<file name="system/engine/controller.php">
		<operation error="log">
			<search error="log" position="before" index="1"><![CDATA[function render()]]></search>
			<add><![CDATA[
			//BOF WeDoWeb Util			
			//usage: $this->setDataLang('field_name');
			protected function setDataLang($field_name)
			{
				$this->data[$field_name] = $this->language->get($field_name);
			}
			
			//usage $this->setData('width', 100);
			protected function setData($field_name, $default_value)
			{
				$this->data[$field_name] = $this->getData($field_name, $default_value);
			}
			
			//usage $width = $this->getData('width', 100);
			protected function getData($field_name, $default_value)
			{
				if (isset($this->request->post[$field_name]))
				{
					return $this->request->post[$field_name];
				}
				elseif ($this->config->has($field_name))
				{ 
					return $this->config->get($field_name);
				}
				
				return $default_value;
			}			
	
			//usage: $link_to_image = $this->getDataImage('image_field_name', 64, 64);
			//MUST load model tool/image before calling this
			protected function getDataImage($field_name, $width, $height)
			{
				if (isset($this->request->post[$field_name]) && file_exists(DIR_IMAGE . $this->request->post[$field_name]))
				{
					return $this->model_tool_image->resize($this->request->post[$field_name], $width, $height);
				}
				elseif ($this->config->has($field_name))
				{ 
					return $this->model_tool_image->resize($this->config->get($field_name), $width, $height);
				}
				else
				{
					return $this->model_tool_image->resize('no_image.jpg', $width, $height);
				}
			}
			//EOF WeDoWeb Util
			]]></add>
		</operation>
	</file>
</modification>