<modification>
	<id><![CDATA[Split Order]]></id>
	<version><![CDATA[2.1.0]]></version>
	<vqmver><![CDATA[2.1.5]]></vqmver>
	<author><![CDATA[The Krotek]]></author>

	<!-- Admin: Order -->

	<file name="admin/controller/sale/order.php">	
		<operation>
			<search position="before"><![CDATA[$this->response->setOutput($this->load->view('sale/order_form.tpl']]></search>
			<add><![CDATA[
			
			if ($this->config->get('split_order_status') && $this->request->get['order_id']) {
				$this->load->language('module/split_order');
				
				$data['button_split'] = $this->language->get('button_split');
				$data['column_split'] = $this->language->get('column_split');
				$data['error_products'] = $this->language->get('error_products');
						
				$data['split'] = $this->url->link('module/split_order/split', 'token='.$this->session->data['token'].$url, 'SSL');
				
				if (isset($this->session->data['split_errors'])) {
					$data['split_errors'] = $this->session->data['split_errors'];
					unset($this->session->data['split_errors']);
				} else {
					$data['split_errors'] = "";
				}
				
				if (isset($this->session->data['split_warnings'])) {
					$data['split_warnings'] = $this->session->data['split_warnings'];
					unset($this->session->data['split_warnings']);
				} else {
					$data['split_warnings'] = "";
				}
				
				if (isset($this->session->data['split_messages'])) {
					$data['split_messages'] = $this->session->data['split_messages'];
					unset($this->session->data['split_messages']);
				} else {
					$data['split_messages'] = "";
				}				
			}
			
			]]></add>
		</operation>
	</file>
	
	<file name="admin/view/template/sale/order_form.tpl">
		<operation error="skip">
			<search position="before"><![CDATA[<div class="panel panel-default">]]></search>
			<add><![CDATA[
			
			<?php if (isset($split)) { ?>
	    		<?php if ($split_errors) { ?>
    				<div class="split-alert" style="border: 1px solid #fcd9df; background: #fef1f1; color: #f56b6b; border-radius: 3px; margin-bottom: 17px; padding: 10px;">
    					<button type="button" class="close split-close" data-dismiss="alert" aria-label="Close">&times;</button>
    					<i class="fa fa-exclamation-circle"></i> <?php echo $split_errors; ?>
    				</div>
    			<?php } ?>
	    		
	    		<?php if ($split_warnings) { ?>
    				<div class="split-alert" style="border: 1px solid #faebcc; background: #fcf8e3; color: #8a6d3b; border-radius: 3px; margin-bottom: 17px; padding: 10px;">
    					<button type="button" class="close split-close" data-dismiss="alert" aria-label="Close">&times;</button>
    					<i class="fa fa-info-circle"></i> <?php echo $split_warnings; ?>
    				</div>
    			<?php } ?>
    			    		
    			<?php if ($split_messages) { ?>
    				<div class="split-alert" style="border: 1px solid #e3ebd5; background: #ecf3e6; color: #8fbb6c; border-radius: 3px; margin-bottom: 17px; padding: 10px;">
    					<button type="button" class="close split-close" data-dismiss="alert" aria-label="Close">&times;</button>
    					<i class="fa fa-check-circle"></i> <?php echo $split_messages; ?>
    				</div>
    			<?php } ?>
			<?php } ?>
			
			]]></add>
		</operation>	
		<operation error="skip">
			<search position="replace"><![CDATA[<div class="pull-right">]]></search>
			<add><![CDATA[
			
			<div class="pull-right">
				<?php if (isset($split)) { ?>
					<a id="split-button" data-toggle="tooltip" title="<?php echo $button_split; ?>" class="btn btn-warning" style="display: none;"><i class="fa fa-chain-broken"></i></a>
				<?php } ?>
			
			]]></add>
		</operation>		
		<operation>
			<search position="before" index="1"><![CDATA[<td class="text-left"><?php echo $column_product; ?></td>]]></search>
			<add><![CDATA[
			
			<?php if (isset($split)) { ?>
				<td class="text-center"><?php echo $column_split; ?></td>
			<?php } ?>
			
			]]></add>
		</operation>
		<operation>
			<search position="before"><![CDATA[<td class="text-left"><?php echo $order_product['name']; ?><br />]]></search>
			<add><![CDATA[
			
			<?php if (isset($split)) { ?>
				<td class="text-center" style="width: 3px;">
					<input type="text" class="form-control split-input" style="width: 35px; text-align: center;" name="<?php echo $product_row.':'.$order_product['product_id']; ?>" value="" />
				</td>
			<?php } ?>
			
			]]></add>
		</operation>		
		<operation>
			<search position="before" index="1"><![CDATA[html += '  <td class="text-left">' + product['name']]]></search>
			<add><![CDATA[
			
			<?php if (isset($split)) { ?>
				html += '<td class="text-center" style="width: 3px;">';
				html += '<input type="text" class="form-control split-input" style="width: 35px; text-align: center;" name="' + i + ':' + product['product_id'] + '" value="" />';
				html += '</td>';
			<?php } ?>
			
			]]></add>
		</operation>
		<operation>
			<search position="replace"><![CDATA[$('a[href=\'#tab-cart\']').tab('show');]]></search>
			<add><![CDATA[
			
			$('a[href=\'#tab-cart\']').tab('show');<?php echo (isset($split) ? "$('#split-button').show();" : ""); ?>
			
			]]></add>
		</operation>
		<operation>
			<search position="replace"><![CDATA[$('a[href=\'#tab-payment\']').tab('show');]]></search>
			<add><![CDATA[
			
			$('a[href=\'#tab-payment\']').tab('show');<?php echo (isset($split) ? "$('#split-button').hide();" : ""); ?>
			
			]]></add>
		</operation>
		<operation error="skip">
			<search position="before"><![CDATA[<?php echo $footer; ?>]]></search>
			<add><![CDATA[
			
			<?php if (isset($split)) { ?>
			
			<script type="text/javascript"><!--

       		$("body").on("click", ".split-close", function()
       		{
           		$(this).closest(".split-alert").remove();
           	});
    					
			$("body").on("click", "#split-button", function()
			{
				var products = [];

				$("input.split-input").each(function () {
					if ($(this).val()) {
    					products.push($(this).attr('name') + ":" + parseInt($(this).val()));
    				}
				});

				if (!products || (products.length < 1)) {
					alert("<?php echo $error_products; ?>");
					return false;
				} else {
					$(this).attr("href", "<?php echo html_entity_decode($split, ENT_NOQUOTES, 'UTF-8'); ?>&order_id=<?php echo $order_id; ?>&products=" + products);
					return true;
				}
			});
			
			//--></script>
			
			<?php } ?>
			
			]]></add>
		</operation>		
	</file>
	
</modification>